Qb_ml_min,Qd_ml_min,Quf_ml_min,Clearance_Urea,Clearance_B12
215.79387822982014,436.30983299299817,4.957325975109061,178.90288324140258,83.16766090769346
383.9417150002503,644.2067603594951,6.878095719462531,250.70487542057666,95.64916261407366
282.56132626637435,742.093364801411,19.66672486937345,226.81048910389725,100.55059830222598
470.30358674615525,325.5256185241487,8.99644794408912,222.62211757844582,91.41633586717683
384.4061789964379,340.81193089400915,0.6167350204243349,210.9852108292276,85.32570838218392
405.80311992609745,471.424617861075,16.42932286649401,245.09059097150677,99.75570763265192
443.4932859358513,479.2501085494372,3.8908012728239494,245.3311241731009,92.60485323810926
291.6460306767229,596.9938248690642,13.901270583229081,222.816916518429,95.92489542570195
338.4353292925364,790.3927178465822,13.034696136322694,247.42345185551505,99.46134615762101
359.0905689480651,554.6894456551245,12.564024808176901,240.78698261729187,97.3354006084341
219.8105086106134,742.2899230145417,8.277957218788117,191.46178748063443,88.97696418613778
353.4019456407234,591.9188022979924,12.716335790558288,242.0567978121791,97.77265802618146
339.8232372107876,405.31327269230337,14.652441972062471,221.91466153443645,95.0042805027302
394.1723407033627,518.0909115071921,13.382810455397102,246.23543139596634,98.35931147136553
284.8903222803111,764.0003313584946,1.4368911408285046,221.58620774554205,89.32539439821169
463.2611826457741,369.5018787258921,16.73045265232373,237.41343056734357,98.47606756534846
361.548515465529,484.0284122823307,7.824531372299766,232.5163833621649,93.12677330661684
456.03392946436685,317.9040875081041,12.347873422546892,221.47259986616208,93.47317792394142
451.5922674465444,568.2888713692178,14.11901138564354,262.9147458888895,101.15493555787339
316.51542082724956,365.6581755215826,9.73664006892533,208.35600494507327,89.8975113222197
338.26884904840006,788.2101053988326,6.042363628834706,244.18875046696775,94.901771631556
470.7167227497126,690.9024329382792,18.481030364280258,279.2754120278702,105.58760416615036
276.38859802538553,779.9742889355687,0.9727600338592368,218.26831491938285,88.69298815428832
421.65991052922016,422.5800115094879,4.162677172765865,233.79990106729392,90.98536237248447
449.13706051503914,792.9407158491667,17.651314284419765,280.58546071395665,106.11868769863256
302.1646642777252,310.77103470562605,3.177832123221065,192.26758919119257,83.3350537078034
313.42599745752915,387.81699667259,0.2969746259878647,205.79382800363717,84.4751664735638
396.08303438459154,354.24237990964104,8.52494285161824,220.32375238991847,91.15926177800608
432.1767103179659,730.6326346071072,12.956705420707664,270.76280954729924,101.96042456183807
245.37436517425516,655.1279262753723,18.905495364957623,206.52329779964904,96.80996333655924
489.84818550662277,674.0692123783431,4.200639548638683,273.28797787633886,96.4639288912804
225.4226868845099,714.4437731186351,9.547533357191188,194.4752706664141,90.01412044760745
471.9392094190732,753.3149118204169,1.8699917816379763,274.3539574737854,95.21903013299475
471.7788671808655,301.45259280037357,15.491094343866333,220.4183364620341,94.58838347572488
409.9213360279473,587.4818475738755,12.211516377836396,255.35656556768447,99.15090955546601
258.4280400162336,501.51307530372424,18.193900446261647,206.35496164424555,95.36484020331243
383.40887732268664,545.3356538190994,5.343147200818552,242.14581429797278,93.26972778212706
315.96645315037836,765.4039185821697,6.303546630364563,235.67562827199168,93.94198501709089
382.4179593679363,307.32939533798736,14.190519223182918,211.504566838731,92.63120920766661
399.7245205065915,367.2593617430945,17.488699988302066,228.87554952513705,97.50109463775793
228.3836981139323,654.1869708833973,14.16995426530509,196.12681336254994,92.55640045625304
259.6730177045833,608.5250641124767,13.26584469986239,209.9015558992806,93.8144875580137
480.56335271814237,371.15834768728433,0.6939401631557218,229.26604294441478,87.99565261199051
422.7842640897922,663.6231062287791,19.79875963452037,268.0476531778484,105.5309552264635
433.4709081415955,778.5334213214409,4.28691766871264,269.1289359689252,96.67599214590597
281.59438735503994,321.6676923870258,16.568841429061333,196.62464843446818,91.26694509093683
471.8049401826199,757.5228119343058,14.64312130810785,281.7357239400381,103.75404980543122
408.62958430320185,783.0655491884315,10.017540357768535,266.40094200516774,99.85021614948243
373.62622979094897,671.2344855647541,18.073676423078,255.2592163491556,102.9654658508401
435.4089363486528,307.07095871681463,4.460844012851273,211.21134095534313,87.50030094437864
298.20157760072664,662.7540287772908,14.42926306042095,228.48491329021775,97.3439977235763
491.58830536634514,366.7386740983318,8.79354260949233,234.68742174510194,93.37348349059627
465.0067115005236,363.61819663621867,9.490602130024985,231.6592052978467,93.04741882724068
200.46505538831732,357.4655213874286,11.254515628048907,168.83071148707083,83.9292258624075
429.59756692803705,756.1859422161888,16.090005792242593,273.2914324439554,104.22960514351247
491.721758045534,517.913641523304,3.395857873081194,257.23425012808866,93.6846500563691
384.9339074744495,792.4833045307605,0.1665055272090954,255.67782696938804,92.73801560263836
202.44133083974518,368.72589057600686,3.3122796435985036,167.83943180512304,79.70492529934441
472.5870672483677,324.61994162881194,7.979393901164777,221.90651044530503,90.77623955792461
440.90522883786554,530.8911177309266,1.5374117830999978,249.86393567599802,91.99344044981598
371.14106709254366,592.7029529907165,9.717621120253144,245.34098538404697,96.44044203858259
214.5069779036761,462.97966429848225,16.66177047003297,183.37530390351822,90.52821675686538
213.84233348408603,652.9837352924369,12.273994618123181,187.3961206869596,90.13571700754466
271.747418162005,449.7604368708621,3.240634348850173,201.8191777539163,85.92077766385387
292.15986640147975,586.0922152444807,15.515651119895342,223.13849040911052,96.83849000685181
306.514202755772,395.3408592293292,13.123781663140399,211.61469431032637,92.48542341700316
392.7447708302527,475.1471455680186,3.6279822423250385,235.81922588834334,91.1447463045415
333.6867604210538,568.7530287166333,3.558079260076903,230.42954964310186,90.82267805610113
258.1570228799179,604.4520677153098,10.483414978283761,208.06077915543224,91.94199174018252
200.0984382753933,782.6603223485715,17.361778012994957,182.04310036526158,92.73277188565883
363.57947088168606,332.3900413107381,7.590560381588254,210.31564636214836,88.92454362449818
489.43806278486096,663.2584473672806,9.690974723096609,275.531354977878,99.97123383873154
267.37079250775673,530.5161550712942,4.822833096470651,206.31981468307723,88.03100641895732
448.88694472967734,734.0432808533935,13.281343784177889,274.81170337590504,102.63045371447724
362.310198562591,324.1387501441807,15.888810936829163,213.39582343737246,93.8875533443369
444.1725015918888,733.5698848676291,2.1904001561224495,267.73341366313224,95.12859982424476
225.3899691143161,758.7479882493858,17.734607231339528,197.5196445469486,95.30606713712287
377.1336239385321,412.2782251180865,18.03398180137354,232.63131280357993,98.57806575308086
371.1801526669773,798.1353708916599,13.893298043227428,258.6346272885311,101.34059446228335
322.8119464664443,389.4587187888628,5.0774749274801945,210.74254113983795,87.87283847928069
439.4392490855551,529.8542125316956,0.847588622712645,249.0990106578556,91.49141600735629
212.4303783666665,506.6443431441122,12.099861638738119,182.58919952839543,88.27885833430241
239.90395627743143,651.0738293646219,10.259019864971988,200.86518105221685,91.03801504158436
409.54190402496204,495.1149434028087,3.9739139188899397,241.57190711461234,92.19911197987436
425.0166252567403,572.6696374771511,18.512292555509433,260.704554706985,103.49232077600672
464.3562363574058,587.2233287807285,0.8776185728340224,259.358568710968,92.40822566193421
282.20447214174146,693.0424004496213,3.011250705292665,218.76761232407821,89.57985754575853
309.26293520406864,468.96930169710527,0.995419976284837,214.18403099460613,86.60365437246777
312.6883662706581,788.2523266385714,13.951126728287342,238.3869897811254,98.88168753487841
451.76946343510156,605.0360963444589,17.94286525286452,268.54229709163843,104.26030177657371
280.5211151610124,545.2795047924621,4.478356785396862,212.00357027054113,88.73319256931694
470.49755239341613,782.6317557618008,18.617573529920783,285.1594602825384,106.60427442916824
275.97144746593233,336.7194205284558,1.2784019034277372,189.6242302532993,82.02974312898405
221.57262145317716,529.2846818351023,19.03259870052227,190.3589677985749,93.5537673864696
396.9838413734942,768.0853298709685,15.783688695357236,265.5596337520332,103.19007946660014
495.8967047851221,387.4554119810912,10.194351830041073,240.56788368412413,95.0779838809356
401.82287264221844,699.543246830226,16.495974921299055,263.5556188719734,103.14157628419052
213.0502044182636,797.1372807061937,19.973002420201404,191.16203619128433,95.74333272245273
418.27044711548984,575.5826883421524,14.123445404544707,257.1473566639614,100.45763219313676
382.86548753531713,694.8756289030679,13.75257928337108,256.96851976010214,100.68983813440508
277.5855092730367,599.8671645111717,1.4786355609380597,212.50682876807483,87.4115963795433
266.9780572004249,378.8857171871087,8.749497367490687,196.0394983580093,87.45995099751887
300.94730338646445,773.8899880647474,8.329062532573623,231.08013103146473,94.59103711542623
445.43814435424486,325.07022849936334,3.741953879458728,216.58410083258147,88.00309142284763
356.2698608704666,500.69870489477944,8.054882507428209,233.06243192151953,93.41826506330774
206.57988283769316,336.5185991894428,12.760090101533482,170.64980969446535,84.77566377944393
401.61699893001037,735.0834511366804,16.092026571879085,265.2698447059605,103.2293846587611
237.6946448682553,431.6822219858788,11.2440048344643,190.74829780065036,88.4639005277725
210.21703621143791,397.0228623142212,2.1620239539746433,172.9763508350786,80.29346539109707
285.0604660998034,398.18570870671465,5.972741889656181,202.40575950106887,87.12075552684661
436.79204451553454,392.514652600806,2.5479094209300635,229.75093432422224,89.42783388378236
264.08383618036635,482.43379411311923,8.362720850122184,203.58529824555137,89.27945949232894
483.8914541311202,679.4588958194546,3.965703183590976,272.5527528790638,96.20016731701998
409.6753532189682,649.9436873084896,8.788154722319554,258.24323240478697,97.71496950725088
210.96546814395498,543.6707104217684,10.140929114194986,182.43651406053394,87.46547875206704
420.64635862180927,488.9360488280117,7.800926170157149,245.03601982354382,94.84639870607525
294.10925334935934,682.0881009079526,18.440331419388286,229.24908222580453,99.88319922593551
417.14360759679374,670.9856277177299,17.183717212899506,265.8486307694269,103.72322441031451
297.6629220569812,646.4526941190229,4.27402770630867,223.3794160474261,90.69689789844824
361.4746710776347,380.4886630648093,1.2093162334147856,215.17092908399505,86.40353810892817
399.47570321866925,579.4858267728841,3.4328538455060986,247.67745892114883,92.99672982015424
446.49548892002696,465.2723331935272,2.8283521814777,243.2221722207862,91.67147452741938
206.48009733568153,525.9204054593254,19.89722683967067,182.09952427333178,92.64254538401282
305.92334519944757,648.4997754431661,3.8367836357021146,226.2648331034303,90.82792334689195
242.31328287992594,306.9560621653494,10.77019709550566,180.20929633914378,85.08894642757666
385.03078081879653,741.3126497737301,9.500367140259291,257.88752100740095,98.4225642124014
492.40886015547255,682.791007127343,1.7571523680738954,272.9964394181488,95.01511171629498
224.83470544694742,465.7386356048149,9.779307452285554,186.3901213210702,87.2722891463988
378.97415103506967,677.4735322943918,2.335610728149573,249.21877006537713,92.90734509616225
323.8595802912864,554.5458763666276,14.320926106799106,231.6006689247159,97.12532862097108
332.6305010059906,391.0077603189992,7.2800482102396025,214.3689365338986,89.65928475612587
458.60009329954715,564.9742005232756,10.122046924758871,261.51022285768806,98.60520876191366
230.18473527917314,711.0809747339651,16.256262832185083,198.97116048439185,94.46450279057106
390.4140984270248,360.2358805053779,7.575398503968032,220.0888410187122,90.6129305362582
257.88422468960795,505.36070502234463,11.006891714894131,203.55940194418295,90.92747792966085
340.1555339469998,384.4777499627674,14.381642287622046,218.9525629645109,94.26696835504778
308.16304035785146,651.4859407696372,4.767027026167012,227.5935290856989,91.5525686589532
334.16671944075256,379.3099607105329,12.964832813737983,216.10904745440106,93.00147196039836
406.9352014155366,524.7981602333303,13.486531743727237,249.63367774460625,98.90100395349397
358.6156692984094,680.7958966584633,7.250929273631376,246.26192209140237,95.4722204465099
305.1290414632802,707.6588174663182,2.1314692548063308,227.8070203817245,90.29201331710189
322.09428634296586,391.31657648516585,0.9149112917251667,208.62491386379062,85.27222942480996
296.5016897756341,391.1094286909005,0.13189160288283652,201.89910702343028,83.7990897938693
346.3371040946338,734.2634410973292,12.591276438440392,247.62284645401087,99.01399916325684
207.15885885841502,663.2632159143604,7.92641683831542,182.5288161839598,87.01331852558124
270.99264295334024,490.3323310967843,12.751333568380224,208.53388076106685,92.53679500589277
243.09677443633558,623.925090789148,16.949407132540998,203.843794361093,95.11797425141198
385.71330903375366,576.0721029070501,2.31920477615152,243.7298122144948,91.83844689924491
386.0067057818118,650.2319197371862,4.731240697848465,250.51665785855533,94.3796754279086
382.9652716627563,686.7976561279198,15.051838058051068,257.19130060733534,101.4617852739806
276.9980308471049,373.49255456890444,19.202622010948577,203.4962098109202,94.35154527273227
280.51977768707025,556.6471365027944,6.6178833000286,213.5271737466794,90.22929843761462
442.2774314067241,631.7931794169715,11.117157723596653,265.0957784793938,99.8610940409358
496.9187829745265,683.6214085824952,1.213672513284949,273.4996241263519,94.78869464480478
247.28313814768038,655.8879698201818,16.620610583506945,206.75856900602764,95.5433202251432
373.9639136106389,683.8967845384182,16.36530971623355,255.21979740604982,101.99373755135397
257.33979453498245,683.6635499521166,4.21143399167425,208.16635783304457,88.80413295133306
482.1807969222192,353.26040034176424,10.166085743596838,231.52262489137735,93.55703638921123
462.5539158611056,568.4627358420266,6.219477232226833,260.27393005567495,95.58209587716486
252.2372347381111,367.68278585611165,13.461486238149723,192.03123761913898,89.25020423087258
440.6161298973101,640.5730754062812,14.171863533889148,267.14827300808287,101.96374130716808
270.3994690128725,457.5955342431655,12.22265058436559,205.8266935582245,91.5817001695008
310.8038721468573,597.502291241648,18.232187814565968,231.65354922469962,99.64549522071233
404.3052359764119,327.1555085171807,5.844095793110016,213.82697029171965,88.61309738399954
498.86089745434947,773.2747534308414,16.086673214316196,288.73510674495657,105.69858017258191
438.6584991068064,773.4773460127017,15.537670497205681,276.03742382908354,104.26014523291862
226.70858397811432,305.0622372038238,1.4782683233498917,170.5626126416687,78.47054895982033
431.02143592064374,546.2205775857391,10.24237550602298,254.7085366196874,97.74993099388055
493.3779011221147,677.89848073024,15.027447687797064,280.482251583295,103.81904565661819
486.25770550769005,522.0517259040544,1.4891341511582712,255.84014748584897,92.3638750009143
252.7547235560425,568.5370004527263,12.007243386449481,204.7629908872828,92.10726680655776
443.0271371376036,305.203856096759,11.941006135660725,216.4485083127071,92.39531522519616
270.15904670922725,701.2541666908512,15.32173181430199,218.48522417867252,96.69496461107647
270.7686606571666,616.860233594228,4.273763829792241,211.63535514368604,88.97654183145895
310.03264646105066,795.4761228412212,15.668388358982108,238.2773776853076,99.91215621698866
227.07511187268923,365.8266637195667,16.989647915935876,183.6120957336434,89.70799502692897
208.2171057420811,716.7559679491386,18.301876930651503,186.64547693464348,93.71243012867328
216.08794320220483,486.8895745147396,19.360662037262173,186.01026913276328,92.67094138418848
435.07444081386564,640.7836852957915,5.112935670088428,261.0326570540152,95.82804054936527
274.1207064694685,536.641989169502,1.3211525911413036,207.82184309937827,86.31167157139842
232.09375815888652,605.9255981254075,9.50435159809302,195.349839141362,89.53649699155625
468.22472837448584,642.84442718624,7.6366122481568315,268.94048925600987,97.72855793310724
366.6519468260375,496.04838344281495,12.537136735572075,237.4244225728414,96.56882407990388
367.96286212750476,482.10363972107655,19.2705848428667,239.88061162924225,100.7169218805946
333.4997858545601,555.5592856532214,19.146962621049674,236.89499796360653,100.65278968223623
277.54633895682093,589.1129216986162,17.099498181427055,218.19585677868702,97.07711647846138
452.75242885815237,387.108111500897,1.6701407118167388,230.17015393310226,89.00668308873406
246.49160872399216,596.3113932815888,12.261275444605362,203.024857028905,92.17115042617016
491.4521519390954,512.605390076533,12.95055766110594,262.3300777037458,99.87533241612958
405.2372927750887,728.4652223916034,11.341507978496907,263.39530845325464,100.12728863718355
321.6543443215985,707.4879344723579,18.727782318419305,240.84043392588066,101.69302145009465
454.7218055273272,719.8458226467019,12.825233143287935,274.8903786271158,102.319579366479
266.4447104756674,686.0306740769148,19.79139874643492,217.92275019081086,99.13086567896524
297.9151223457173,655.2461239069787,6.8923061956092235,224.9519417500729,92.45971584024579
293.58539017559707,306.6026765572849,14.913342692250733,196.12703604756683,90.17794299222311
212.00627691581474,501.17973176526596,9.269343846077067,181.3126827237192,86.4766480060312
471.0725396281159,760.3305401965413,12.740388711324275,280.69773457311635,102.48731669957523
340.4855974355433,304.49387875871713,4.780457600764667,198.8294428753586,85.35472676281911
414.02037706373346,334.7948880627667,16.723920535950544,223.75553744730962,96.17317962740965
350.700250502361,711.5156577839521,11.877989561003346,247.63903117729916,98.50354656602829
222.40372664768262,537.0385761062196,3.508131851428198,186.21820999276488,84.36689917548246
375.6131397860288,679.118964631833,7.897414446576512,251.20969789036167,96.44859164172316
298.68457234396544,538.8620216520599,9.02469649549069,219.99083132864126,92.39302758773874
243.21945944048025,399.4588154212433,11.032362513365488,190.55688008508793,88.00621982106999
313.2571916393682,461.5013843391034,15.747514532565003,221.76290210974975,95.97182064753753
408.63932766816345,520.7833323919591,13.650090324629208,249.65639576620882,98.98219347098119
384.33858914386406,552.3531091587561,13.632316457501808,247.37542599525594,98.8126037066511
366.06371589181674,537.4152451299011,8.111252662058835,238.83438623998046,94.40701500072748
426.7274926404179,754.044395230005,12.880694014512686,270.8029753544121,101.99316811455157
274.724332597066,433.22449368258987,10.188935867694644,204.51151609321133,90.05215047384002
375.6963952269163,698.1040167921667,15.68860452274578,256.1417777196428,101.75881646304425
286.30350069721936,361.0607177275193,0.7363964214204333,195.57131841803007,82.91021579855898
211.86656581872245,370.4585797257772,7.579556068618436,173.8095329090309,83.01915711358036
337.55911793953817,346.8588351516193,5.821042932524973,207.5401040800633,87.54330543788217
454.07244960859896,592.7626820088299,11.01572804744994,263.92387314419346,99.52563197890953
429.9587961753883,510.1775246188514,14.934473837719702,253.31082691511395,100.17345863784003
280.28809875663467,658.8985561021543,15.971587217537692,221.73745885991005,97.30908980447396
239.94761894223086,391.1656922797674,11.878368118634313,188.93355837235754,88.1167656622844
442.8639730307917,564.4159895401497,14.672985158691747,261.2527127489394,101.25873055410233
453.40331479716565,717.1537785907258,4.819754912561014,270.0229399759681,96.92301526728258
433.1930733061567,682.4228552758859,17.259548103697878,270.27386541308965,104.3380977449677
448.9249693679865,586.1686842617337,2.580337529568635,257.56048782717534,93.73503847561255
231.04415778867883,788.9399161793915,6.787071057720418,198.18491181416078,89.3267322526465
331.37260646886034,377.5779057372529,16.245925286880624,217.01609206049133,94.94821576672975
380.35084409290744,554.0259931508258,14.427879780942064,246.99732429139544,99.2363660488107
238.70783902739308,430.24586922451135,8.311677835745899,189.95598310117214,86.71713065317924
268.19582632541847,768.1089972519443,1.2491627857012677,214.43960103800984,88.31120785624779
460.509418276373,443.95664078570644,10.20488657119611,246.52885592936653,96.29545379700684
448.9246381746059,578.4236275459162,19.051773166487433,266.22337749771117,104.53362934694043
471.3512625512963,724.2221953491435,12.255419992977705,278.18711597366695,101.81692495512583
493.8003852311738,689.1342068874824,2.020517388331433,273.8806036428398,95.29973198624977
285.5496245007339,650.930131322868,11.062024485254184,221.68116338931765,94.41786671760975
374.99025038266154,314.55104600701287,5.277706915329492,206.61803530860126,87.0401940554827
289.6816850687505,516.1298316445747,14.73659117602173,217.89612451190658,95.21215942041239
492.599692528969,623.0592233427906,5.55353538984888,270.14253402562287,96.79911818061706
431.1939853635079,382.74709772515644,19.861312559111063,237.8930084275922,100.30713670070918
428.52219007085193,481.935099878571,17.065149716327902,250.92040401065807,100.97638108456948
216.81963747633196,795.6538103590249,2.428629040165402,189.0309859252858,85.56331995548265
477.0574564737684,351.32390292380137,12.864183371050071,232.33139159131744,95.11506011121087
258.5416803605291,758.458403581435,16.86649475088086,215.03654407140584,97.37068606934692
307.15374416730833,382.59221456535704,9.569085472910317,208.36196847235237,89.91947440177084
397.445079740287,539.6880020839408,3.6427506599438297,243.746122255694,92.46527666046103
310.0404677881719,565.1856314558579,1.1646733134698972,221.89938403465706,88.30553690247
417.536490422604,470.7394648057616,14.614683079254714,246.13552241654077,98.8534963620579
311.886424921277,613.2299288916842,14.561976166025328,231.25454416718097,97.53913962987407
386.0348109981273,713.6138548711144,2.1212089603603634,253.0079646275249,93.35149888170764
368.26494753327256,520.3768269971279,16.459066884466612,242.19282831249902,99.61414477721085
207.4374229492904,446.9708460387395,14.550085620405344,178.3166746885712,88.36908319309416
203.46830427045214,799.7088355579208,2.1844701498676122,180.9796356999922,84.22740376785747
249.86001404986774,414.2568748261021,17.36113493414141,196.906090610448,92.65803685275188
356.31549088440886,639.7091231868872,18.096215837521473,248.51493917539497,101.99403503867937
388.26345251869486,358.60849352179616,8.35892742540027,219.9183662406774,91.00845880477583
360.6023645158531,456.59689656304494,9.891977305840388,230.38709950709318,93.86550845910767
395.8176194186155,554.7753178252215,7.615689827651697,246.96321917682383,95.25372498768874
367.87397315707744,354.6639406587392,1.7263092452595763,211.95439554732457,86.09622642901186
260.40041135928516,583.0545051793406,19.766708500045024,211.60142755795422,97.61915843580097
215.2283319347375,455.9063918615633,12.78599723303314,182.19981774151023,88.14525907441997
418.5922820403571,483.34678211461994,19.077042320208083,250.45779093440476,102.08454735948256
279.35148087833704,475.1893895065956,16.08452359194426,212.0004553791617,94.81868015439608
301.48166822757065,328.90040473179573,7.624756857635562,197.9016645592592,86.77170835744505
439.4402962364968,385.3561010881494,17.00158610635539,237.74784842729608,98.69336456642523
458.8241788537072,524.2120067522095,12.15548141499143,258.29229996376205,99.25646275429388
468.6512751096475,381.71082739530266,10.117077944531903,236.33050351140156,94.15081389115342
421.56440653635207,370.5027808030042,18.289028836797666,233.22924739216396,98.65889302280564
408.5484283215775,527.6223615471624,1.35502613387541,243.5100508116087,91.06176060408949
245.36086256170955,575.734956222183,2.3270258518090325,198.26362146509945,85.76094210292447
385.7351989914147,636.2946945207,13.338141842797437,253.93813975090896,99.84050250386922
332.16744228474766,567.2412414106363,3.6676380929965013,229.93686253986118,90.81400862528047
273.06346574537827,373.6267308783039,7.776612769047791,196.88837899781157,87.02356693301934
495.4512172977756,716.0618856120916,10.520885209360184,281.09698024070644,101.29814619933383
269.6163430528786,627.0921419157648,19.03821791915962,217.12527858798023,98.26545700653132
291.96595396398914,378.1627662588869,0.24067900899513273,199.10691540100493,83.33145798534034
307.04881937166726,655.2118734874689,8.140893022998974,228.81536450071033,93.68871285421092
495.22922130213016,527.2441215925635,2.8013554427404763,258.54708737827434,93.5572468532311
295.3007293887301,385.90912266351035,16.16130935359443,208.9150278662306,93.6640998786311
271.78975144598223,356.8522023028508,12.378596578735547,196.6824196934367,89.33654266545824
482.7430454126239,771.8552454359747,16.737571824871416,285.9466412027315,105.63481364980262
477.974377331547,672.8050373313351,1.9759830229116804,269.8523355127125,94.63516316221846
490.97397838584243,500.17479832351677,3.4797192109924957,254.82834329695638,93.37880278332172
482.2499645991334,770.0931652305384,6.954243164484968,280.2274863808063,99.06468022366937
313.1391181398732,482.88102062843075,16.410124163252885,223.91290763630897,96.80748932163206
299.6139256517311,666.2648018117459,1.9950317497957748,224.0182937465695,89.55320907363658
483.6934237584932,714.8393214746875,18.13130127774563,283.2367220162082,106.02425849475742
347.68848646904155,401.0172569230096,14.335730552538863,222.91672355178213,94.95641317692083
471.218369107099,324.08509807194014,17.20188155030067,227.84558460841833,96.71281571560375
325.9112602712958,442.145754248612,16.809312144887365,223.9319994380011,96.76133283091164
225.86638979901244,728.7499410858734,3.037411863778232,193.14289382158472,86.22642779292642
377.01186157317,740.8882531896197,11.841481122606648,256.8020472973306,99.69587555543661
236.86824089795516,502.46997150028056,2.007713624130789,191.04585624310894,84.02317298014638
335.38918888576916,633.5071954370783,11.320764554993243,238.62916838511114,96.71075747757104
307.1371832517198,795.6588663625155,18.84042584869795,238.40545843800788,101.80973978801731
440.9852236662283,311.74561044417845,0.5787012766848476,210.46338133551197,85.31415175753041
354.2836447490643,384.44064776459606,19.489960546845847,224.77617978657332,98.02853527635457
407.8133751354011,554.8728634276085,14.419414886861352,253.24390817097316,100.0473030216745
358.086128726522,498.90482688452016,8.947070749786871,233.79152198363184,94.02078907856078
314.66331968804826,603.6826321595938,19.64404085060493,233.94772651307795,100.81358945982822
365.13801656989597,747.0642989176265,4.917957026297715,250.3460242387563,94.82016462717607
395.70452598867206,690.5709755189209,2.2067782975866512,254.1482552916803,93.45722046109397
228.27573266168878,797.2955286462327,16.73185394299886,199.53308274944587,95.20682817409413
406.1896351385162,656.1126295259197,11.914434560932419,259.5119907409981,99.75262277983136
265.4807811203656,439.60263913102466,13.81904953578257,203.34225773522513,91.94338592335859
308.29520749872836,621.6519623149306,13.392066608310454,229.91426258860582,96.72330726987533
305.008191192322,355.61222623161376,0.3944277141833852,199.1839808976818,83.28389754651624
326.6040819366211,520.1558809215571,3.565949741043608,224.76139125835797,89.8215635306445
241.54231174538324,690.3510640937177,19.51148808907586,205.63248695578963,97.21288073697846
445.7828521227115,690.6514656512807,0.33794686381321437,264.22107219028044,93.49847407734933
418.4426420502944,672.8031843961296,17.837774853796475,266.6172115660903,104.2150050720816
465.200852354352,794.4324633413632,2.9271370601235702,276.0588983369101,96.07695597436343
480.6850721747145,502.9836210318673,13.180247107123984,259.6696566211576,99.54015408133414
222.1738790425667,496.61312683347654,13.625617569481307,187.75937925720012,89.87283952470052
387.07495861283337,575.7671307778003,11.004096092875084,248.59458169499354,97.53516214354956
376.98241287509336,727.5922909699345,6.769225142578339,253.64773135331924,96.24440659815745
314.2713426292391,389.599373130839,11.25463825698378,211.94480404433438,91.46318288451965
273.54132564747715,560.205177401212,15.003416021256458,214.37962538073236,95.1513140755704
409.74619630977105,312.9718702015183,8.078720882921154,212.4242304734211,89.57831426555508
212.39403802543387,377.4980867518751,10.312905167631715,175.53571456650255,84.85754960636478
227.4311943147446,372.0543196765003,0.5386697225808112,177.79717665752725,79.97452295188944
295.17314661856267,468.3563687924252,16.474329987887167,217.08786408976195,95.74417988754493
375.86456569010033,572.3898186503097,5.423956878731422,242.7433346315018,93.50984678064117
485.8056026242669,402.4429358845799,1.6555468356719505,237.00823287311658,89.71615315579051
214.64975000194465,602.9485557282238,5.380492797092479,184.7788623962395,85.61276610587592
385.8945209963548,373.36280173532316,11.436472772165187,224.13888510931343,93.41548569424533
246.1811217732986,608.0097589986588,6.789944010402391,201.41163387700297,88.91564387076717
496.6624469622175,613.2010981771871,15.75487933140354,275.89825835431066,103.55630550941025
203.96606493906108,614.6868021216603,6.348102211140995,179.24044824317434,85.3447524240271
449.8492730125482,667.651500321778,8.100486885881939,267.67722604159724,98.47898661178932
453.67363657252986,623.9476223408354,16.160812148372475,269.51104641257945,103.38078520656175
401.9580218725349,649.9438161112168,1.3693644934967986,252.55606257071628,92.63305577495208
358.8036466132073,485.33509666087514,16.454751071777515,236.54589032089183,98.64432397133261
296.0829614719259,711.2073306962693,14.07054630425969,229.35386132307573,97.47572400477111
417.0989810882226,744.1735113401205,8.59021584352018,265.72639326160305,98.7911530419132
221.65277196978695,420.78394052142573,8.214720430071523,181.86922702792563,85.26417674405428
436.96085300373824,527.8327584976842,18.32313759849289,258.4912417109867,102.91201238096407
382.41854187160675,572.7096858179249,11.151922691776523,247.32242254188003,97.44558898288925
221.14358129549007,590.9637591487524,0.8800780708372336,186.57754431758102,83.33036365430985
492.67628675986924,605.1742578979736,9.980137561260685,271.073697509677,99.48774956584137
292.40791785525766,569.2204550641258,17.731702527465476,223.2822794433954,98.036487082946
313.2339015142594,705.8779015076632,2.29354866364893,230.7170064608423,90.74371434655475
270.2150286499206,701.2369397384741,9.663705440546828,216.4595255154174,93.14708564524494
249.8173109255101,759.6961793224912,8.187365544421608,207.8914686913233,91.37974973845049
487.55163713430346,392.8086452447333,10.274563682798213,240.8223861884469,95.09000218809246
272.66809657412807,658.1715426543607,12.508203883453966,217.15233502580392,94.6721540449865
478.9857315498044,367.46343918259146,2.6422704965411703,229.5461146699942,89.0940279082029
235.32813222249428,652.5053656536885,4.694545913983372,196.82050979374483,87.31889978618835
430.19515345044056,782.3604614690493,18.392494700392813,276.03388244850646,106.02498499457033
239.52394895080403,746.4286643097071,2.6217787818320715,200.61857923060762,87.13732716507862
334.39062821662526,623.4889946873734,10.652733109754639,237.44443896692127,96.12028125683067
499.44444898898655,658.5927586193485,18.769951231409884,282.15255176809893,106.26087265277171
240.9576228472223,717.0106889666023,15.131606210161692,204.58525488125025,94.6876733690344
497.01869838910306,477.8050317830963,17.918845480207345,261.38756626794634,102.58927500419394
409.4145666219016,697.6489767440266,9.716356686698365,261.78326304174095,98.85827890948867
396.45613735612187,505.5666707611205,14.92851484008842,246.27345342930525,99.2050583406762
309.40686772918104,390.0461977745627,8.874348320044378,209.54567018012006,89.77633111719838
229.4397652990887,449.3802993156146,0.6605354945698627,184.36141945727948,81.8337103327951
449.32346495604804,303.8826678493444,15.239962683420146,218.91138250020342,94.59708442572433
235.79778659845644,651.4837037307436,3.858777924916863,196.76287702287823,86.83563613758649
372.03475218339406,743.0820244921828,2.037327655559722,250.7316661222438,93.1361321310979
293.0253050663057,746.9363547778912,8.538810723948798,227.1382947481088,94.10489631292202
392.61036794883603,570.2879283867592,15.48355435431999,251.8010331049662,100.5540947135991
457.71612522897254,691.4418105947257,10.282605347591842,272.16697525764596,100.38434163345481
323.3619942919249,368.78074872876175,1.9644931694278789,206.16677407994985,85.33603788359837
422.80479152122507,523.396310730164,0.013504207261250123,244.97517543133898,90.45860854621196
258.0183092841969,784.6136331415111,16.75969049920601,215.3214566683942,97.45930758421422
429.65116157387195,467.4318836153643,3.4805205838561237,241.2811471429339,91.78346952157061
276.38168205679665,332.6338055307823,8.703275119149033,192.8869505632466,86.50214383021729
309.03226699157557,704.2617671878764,15.157999884094375,234.5588453132121,98.7622545300314
372.3908782569726,435.34555607271705,15.237064398550014,233.24440041574172,97.20402801668659
207.75356529507772,452.95394482625034,5.3436827872913835,175.89420228895744,83.03865978567279
453.18481886519703,370.5249534191063,17.5501905636688,236.94587752840116,98.85331439672748
434.7215155005621,538.4904723801238,7.439661684591354,252.99300907076523,95.86130983925992
285.4074983398426,427.66340916507204,16.191312455058902,210.2758761903152,94.23896899561292
339.4710528212661,746.790366416754,11.920239206363991,245.60392102758206,98.4158122171292
316.7271042567103,325.31817727887534,0.8374138112159724,196.68135231551776,82.94987705504603
318.1265862471819,715.386073989577,15.637739859894761,238.55623371671342,99.60827180975633
216.93189626042616,668.1228216110999,12.469038601174823,189.54662283468994,90.66468094846408
463.1512931693758,750.1734517223127,9.581519524669142,276.7266696713011,100.03450964779086
275.4121752862347,379.79394851218825,10.57921663861864,199.63936103691822,89.04980935653374
267.28709586473485,700.9109837681017,4.896160392319637,213.41976438325864,89.99065078786498
323.162619364007,692.2958525314077,19.51536773495256,241.09002461094377,102.12319581278369
290.7222532488408,638.8959593651623,9.674231321639674,222.65798469078172,93.68582054904782
264.3873825178775,547.2554161132299,18.985115823464845,211.50077151845855,96.9189354720872
337.2739496997731,334.7109189459444,8.1576737239466,206.58282207473758,88.58762947297498
229.23238625467255,520.1530297819589,1.0305984175892768,188.0359234204409,83.16044938910012
394.73176235717403,529.8800779548969,3.6051626867293507,242.19842175841993,92.20400503940908
403.2987687841338,753.1459294336817,0.325463478451653,258.58534875591783,93.04207256555648
211.08153462020155,403.83880651303184,6.765882995951982,175.4020367387298,83.23093103218402
244.7767376911023,733.5821483576235,18.515726876208785,207.99888994040407,97.20288146992239
244.69499878351164,486.7632009681138,16.90954480944281,199.13803963743734,93.41542678483212
376.696044533532,326.2370861970189,7.961704147186783,211.21340707982407,89.27436444161741
417.3291008273287,569.0628490614488,5.455422110267467,251.58566403217995,94.63126756691489
454.6082666078921,314.1556786878578,5.316032419152981,215.59527973152296,88.71683414176543
397.13054276464885,667.0459260582563,10.263237953137185,257.19305662547845,98.53014139236133
212.57355359143656,599.3832969438696,13.646011421888545,185.83737828670715,90.32907498772138
220.76025060779676,452.9090300185229,19.974015489968043,187.18350657013644,92.88907469793679
440.2923582467172,758.6196862144392,0.21210526747142078,267.3380177628062,93.96120645002263
345.06841736328613,729.7325850735006,11.00121799898565,246.29040611609912,97.88877980613464
404.9590973586288,771.4618507717579,0.6623400582631134,260.1159825396281,93.47007889672078
363.74477269981617,557.1957610900153,18.40009666911971,245.15539574969776,101.33416571117681
234.84984796449754,743.1049126364694,19.247144922411938,203.0455172816772,96.93332428405157
214.07437249109012,757.4772965895613,16.947815350044642,190.53667612113424,93.76952088200913
280.94853919953516,544.1669710211302,9.620489287336532,214.23728490123898,91.95976256283583
333.4409022902573,576.0995559675248,8.949425871099304,233.42940357415907,94.37267750865156
375.16657478955784,448.975968671959,6.063451689800187,230.46800512497055,91.66985809702415
370.4681224609677,615.3295770479256,16.016423268087618,249.93044666980623,100.83277270347502
309.67504939777626,647.9444680747886,19.412063901563357,234.23737924558185,100.95027205922074
300.6893090988449,619.9306005596983,16.21665267781743,228.2756475054392,98.13729625339853
467.4993442008934,667.8504151484537,10.48805295495191,272.42693958094225,99.9000996632314
247.98136179297367,617.0484459448031,13.630215023401682,204.912150458772,93.34910262249419
298.4087595790296,335.16337892581345,0.22075018893182863,194.2717267610199,82.25363443120195
246.67260589297547,457.6796434592841,5.818664612897921,194.08991976058954,86.23497996535565
238.96843710860097,507.8858197261888,8.909056564536987,194.72384143690184,88.44134054358105
314.79558217710394,611.4754603064403,4.285214902047403,227.59942616382855,91.0842713323633
248.33269459026053,332.196234295273,9.514429296678141,184.9146101529851,85.54123151535894
473.70880157113754,334.09521439528436,1.1053912286305145,219.91034980610632,86.7524560189689
356.43904329277825,620.9772386857471,8.29439302615089,242.64818294967606,95.3898418628105
394.6528781279187,663.7032553294262,8.85039863954065,255.6414749676861,97.49020714751957
260.3958625221137,654.2359175867001,9.84311781628306,210.6145742696322,92.21318186655398
405.6254279204377,443.67529258364885,6.280119248027017,235.5916701861118,92.50258208448975
203.690809702124,543.9988840464615,2.1621195256122405,176.14776617134268,82.10283850023075
200.66936736134676,450.7901468953853,1.3871179037165993,170.90656378376391,80.07127387592449
217.5336713006506,500.2703331967135,1.6152650342212138,181.71833750613345,82.35862802350921
444.0405336142936,348.7675666640622,19.479865136874057,232.40808694462652,99.1586011262347
355.2764272035373,674.5112902175495,17.635186161403173,249.90774389397427,102.05168219091907
470.58483470082973,519.860552919223,1.1145940005157562,253.06217489633795,91.64992965014872
346.9259221206065,727.1400538140513,10.545896716961803,246.55746407744624,97.64109130192095
303.0019359866133,783.3788776348027,12.319108809603625,233.78125472351226,97.3166694559584
374.09119529055135,417.00339623384247,18.031171127030415,232.6953034183149,98.61006178124444
269.33332444301664,554.6051341418777,12.331184115091915,211.3445202598107,93.15617694556829
282.2474812817971,706.4141416442401,5.013478471463994,220.0261583722692,90.96031250754724
396.1842658990978,309.750145853111,0.9373079713873778,205.38553584725136,84.56575539191682
441.3494885131879,619.4805288173003,17.725871575387135,267.59838142078183,104.06788930987352
495.9749657641266,782.7874657953367,16.868841315931807,289.2251529170228,106.22728300585449
457.8610313667409,575.9196660346172,19.528193745312436,267.90488383378425,105.01906892359139
379.76355545901566,328.0442261706649,5.385251992718054,210.46510467128496,87.77445627532985
400.484915916151,496.95441039956785,14.158153067286602,245.74292570157905,98.6474819484925
258.69252590482074,763.4768680046631,5.714430077755777,211.4887372152675,90.46996507712146
291.74668664630434,734.5496891054831,15.003452485708632,228.74005730479217,98.043457329561
273.8038005407429,630.5233019278494,2.908081392329749,212.91597344464137,88.4433847771982
478.31524972830175,637.5835660579389,12.228842887517033,272.93250250041973,101.00940018978736
486.24319998802537,499.1556182010333,7.460275489773105,256.4745118690429,95.84811811755068
421.35426584637884,535.445397867304,5.106033216879298,248.87871784718035,93.96050905321658
333.29020194534655,402.9100512183608,1.699270778140043,213.1651663902914,86.46167956282855
471.0758996421889,512.0614864500649,14.406473224664513,260.1193584897296,100.25189130822045
294.970447598952,473.85570230508523,16.31592343984859,217.38738629774036,95.73898568034211
348.6025210914138,661.253657499655,5.476547192698917,241.43136199167603,93.75455527379934
403.19832651535506,414.1384027356874,18.221351455537384,237.80830767149754,99.4749179404217
229.88301365363364,448.96966833446265,8.692410129628446,187.44799940070519,86.69631550494026
225.12907568613826,688.6976897668835,16.191747540763476,195.66848484474747,93.81177502900853
381.85742301140476,330.11065775874334,12.49043221014473,215.61722165572831,92.46867436404446
358.17217034911926,719.7396551765479,18.169135812344607,253.2785106141887,102.97630705404451
221.58669001582507,454.4375632659918,11.636268276226655,184.8949216066796,87.94559272433249
393.92444923405066,523.7427394117893,11.143435047967909,245.52636945885743,96.98863095954071
348.7088959547532,454.7957833272337,8.942560677955946,226.95410660501128,92.825859009125
448.87197653301723,584.0937792996128,3.0197977329530734,257.6042697469637,93.99313698418483
230.6792648636215,464.24620196341533,19.52372582785893,192.44735098715037,93.61244334980059
324.57620904642295,578.6588271489129,13.157261952404953,232.85239154984183,96.75192340181665
472.6534060907754,752.9813949522268,9.740440124799033,278.8816732734136,100.46756483072129
499.76392367700424,344.16992033237483,6.437021531669098,228.43240252481928,91.20726619967076
382.1693838208098,568.8565156866124,17.527974365694885,250.28279279233212,101.55348430925477
398.63318123035134,422.51367945379627,7.476844949195471,232.00392720670624,92.58343620413935
499.7560291229101,526.4741917201856,14.26443172256192,266.06804780035685,101.23397062647496
402.84661619777546,432.10663513628384,11.243665474948566,236.33895380056643,95.37953121981411
359.6408970956106,379.66805527435315,5.360633742747492,217.0766466276412,88.97387081268012
233.96652942506597,458.44682847799663,18.33777498351929,193.28340745095707,93.03593823036948
290.26071740901307,776.2485827237721,3.614011724894368,224.99991129396145,91.07177032771142
336.0784188853868,698.092298594861,15.581554157823618,244.03369370949775,100.19647999499887
241.86660963411157,446.36750443678915,6.8576536697658135,191.78405853090658,86.35288220786273
337.50010535227057,560.5457005236226,16.29345914020887,237.071938364431,99.04292604754065
397.69429507115615,485.65755494303437,12.288075825055724,242.86813206784112,97.12394353267497
232.04110201647708,455.14928718565216,6.505337135779512,187.97841437129856,85.63835569368877
422.8629181619088,751.8569061464457,9.556694346119297,268.0221590181946,99.65966691313785
499.96851639313627,776.2502865795634,1.0247041447212446,280.48423602123677,95.68075298922543
398.08169144648843,659.5176406386365,2.798766405402553,253.05345638756148,93.57248440808246
259.52217222048546,406.0836693171568,4.754209267034137,194.48441939479284,85.27396506786032
234.64535738663136,670.583483201657,8.032157376026486,197.9962097825115,89.46365320202568
417.0888928023214,324.36025814888933,7.802814061520502,215.96116482278185,90.03867076052492
341.58577229256497,542.9121732095631,17.106676071433345,237.36770784703788,99.45857500091242
323.29223674262107,570.0129361798575,18.750322389140656,234.47972575579445,100.176052392236
453.0072435135048,722.4417692695852,13.027040737418957,274.81351103607034,102.44097962703911
216.79519620738563,443.1523498701018,6.710496955537177,180.34239244758467,84.41562735659222
464.9616804193049,427.58843136228637,6.945651052793282,242.4469083271185,93.3010138993237
220.7369367144795,490.0679083855284,17.16465783028808,187.88799412938275,91.79377542141039
490.78852827796123,672.1339910353354,11.086010629879787,277.2893135514649,101.04569103915982
248.11863178614237,715.8399094532476,10.671421733115995,206.81695611579795,92.45578365937182
325.43941650716044,581.6735396184398,3.4912342704264976,228.82417988804275,90.63835139943521
483.05715398197503,376.28218166943634,19.05235043394409,242.6026315772542,100.19828841842005
240.0739850456639,534.6916138393042,5.5377909647017205,195.2642459220785,86.84368080872952
235.6657339793924,387.2267031847391,14.206445663350927,187.82381077973238,89.15726730335764
313.766704971177,690.6819569601873,5.478779991952257,231.63109372668487,92.65591555758505
448.31527416074607,484.33120924722846,19.78082340371976,256.1899276734415,103.28633830784169
462.8848615520946,352.69581599686023,3.2512561304704968,224.8816340004054,88.56741348699765
400.5931133629416,766.3869232501885,19.885481997057386,268.5076829875115,106.01024175756304
425.27274741849,301.301866389561,7.683208664034162,210.730846908663,89.11651567320762
341.2121785903405,493.61368709931367,17.74438558368901,233.50976712177126,99.00817954139107
343.85209138323114,308.1205995564128,19.913002448655472,209.31476718872133,95.25535850371654
211.78181574906225,300.7630835236144,7.9199600570204325,167.4161283225418,81.15834335969146
269.89632351777885,644.834984835396,8.890176669875117,214.12327159557344,92.10562984653869
213.38097962045453,755.2017447433536,14.162138715531222,189.38722443147597,92.01450955164422
394.0197927617875,396.6800172246749,2.687382114105239,224.31975732417968,88.68019638196377
223.26803298064482,481.17802795813776,5.535676444435181,184.95417292505758,84.85257462198703
484.1722867623801,308.5946372265161,2.5953509426537424,214.6810112898918,86.8705929812106
420.0416622277585,440.7498975047391,0.14968533836724696,233.97078402453783,88.79700137640317
495.4385162071084,789.1272758739462,19.122413334590288,290.7854640540278,107.78469781852245
209.216550436604,443.8509665534102,4.367704724862107,175.88985020466677,82.4271399457953
228.34863974559215,749.8521137048397,10.62579640318761,197.08673188536275,91.1739545323144
260.92425192457637,428.91026515161036,18.118496019900462,202.62640128766765,94.13144601816876
249.91297338448203,553.7825064937439,4.572353079069888,200.1665203389277,87.15512457736816
459.8697247883023,302.28222141343934,10.303455114113351,216.0690945777206,91.49592598068101
370.7400796895937,686.1422963741815,2.60285649868244,247.67478373869815,92.91347675517208
200.4369207538138,566.4360658863964,11.02134754259527,177.25359474314885,87.26381689538698
436.9218210545655,725.1225777871413,8.199241123286729,268.92507118989715,98.86067805105333
388.1535533057139,680.1615964043806,19.674222302300212,260.5184260853482,104.60590810737233
484.91496396306405,799.5997134024775,1.80983871605769,279.5937021441524,95.97687178532325
314.69937087199173,615.8158658656259,6.255473833151244,228.6833403410822,92.38750148872995
286.49210694559747,580.2698545347498,5.064359097028142,216.37339184820587,89.874160231762
407.468870821426,341.50341256981136,11.485570097105551,221.07268665044194,92.8805697129582
204.72211882241822,465.56924525519,7.043773336970673,175.3845963687972,83.98713729109646
449.18185950525753,640.423985389625,8.807777993418437,265.8494267487445,98.60068772446752
284.93014913966636,786.6101513369638,14.194162599039185,227.05145270748983,97.56116957080023
382.40454652022436,778.9869853841283,8.799166324693473,258.6120292245497,98.21136068454648
359.73460452593724,340.2474826637257,11.50576948256543,213.61105906906397,91.61107696226432
411.57978691672554,551.818665394014,12.999836915073395,252.96858340801157,99.16560659293454
342.157841052217,679.6458448188002,16.608064091832226,245.6128886673362,100.92401659714929
253.49071595838802,304.0714827741672,10.688037713185352,183.1499003515438,85.55470599250665
322.98361572192164,713.7111496556198,19.86666006836583,242.05937457135616,102.55131928534371
253.898477622629,774.8655341761744,4.4974441660197755,209.04134659731173,89.48550961833297
391.46154013096407,757.5701397340222,1.3397980363833617,256.33349327983285,93.40893326143245
477.48646317632637,305.36166442788596,8.207209575919101,217.04285791471202,90.18741278281524
362.96089198715487,431.5311518991382,18.741729881918182,232.68294058760293,99.08954066494401
454.2516622171004,518.7482842388237,10.011775173843189,255.6413730829463,97.63988761791391
209.19119229134563,516.5832448336874,4.7521776611765,179.015324581111,83.76529330382857
474.9311620664696,470.5435027477692,3.156778878346893,248.2461793852131,92.122951147763
478.9097489963218,416.8033555261398,16.887038024436343,248.58181491074467,99.90185502241336
399.7988721950037,747.4334944904056,14.154022052316238,264.45657703271274,102.00841379245938
291.8214070582055,480.9405531128941,9.055860737681304,213.62232263988034,91.13319635974582
248.79846593939828,769.7651263059211,18.596787431673867,210.88634148922137,97.83037599028768
458.4249832626957,339.7734155153026,17.934245761077587,230.96639440553656,98.08065697091878
387.0349554571394,462.69575085994484,8.48666137576104,235.8995273381582,93.87577804674395
234.4133431611899,798.4406840423032,11.77154428702039,201.63871984864514,92.69753869229959
304.11808286131355,511.72502358118305,5.81356513934413,218.45033330714747,90.18478120438083
383.3908023481228,403.8722984385968,7.141013446999008,226.28983485772974,91.4746001270906
409.97227467196535,379.1147944282561,1.7932335062184412,223.07665112787518,87.96170928796381
266.17296578838153,513.3108160764115,6.8366287849529765,205.67929190975485,88.95509087428351
473.4314832274445,640.3614941558533,12.787252323690302,272.62317293731894,101.26911253258837
402.0726779944771,630.2290727976533,7.364621658151136,254.3442871399854,96.32618449887316
492.7093948931567,361.4040333734712,17.361152359485207,239.2399573033574,98.8159045211069
275.98917483186085,494.2728372127402,17.12225059754976,212.49236270924104,95.62383005267111
404.43201768172696,516.6693949768663,13.974677654796704,248.55611568866073,99.00710530491446
389.10384471846,502.3757543577658,5.483927887092122,239.21749491832549,92.78169930851102
229.13105438171073,433.95470999130885,18.90315632290608,189.889869082366,92.55987368310599
473.19530861614544,665.0431971973173,10.984316817217435,273.544212138514,100.37130835484267
457.1244353511481,387.9753106215756,7.852262738445148,234.78006384006216,93.14263606688192
265.6870514344724,306.0706442144131,12.265896653083688,187.68418693953444,87.23330383739028
331.4938208981122,749.3410202960663,10.01476143964036,242.16855992819154,96.87354952408153
307.6258534314504,414.0658633154767,11.887119827761497,213.47457237489388,92.22345345648391
482.9171142555996,664.6228184085426,3.058295245198621,270.68100100385703,95.39864216239526
308.5600237835399,385.9593660889851,9.744786600107052,209.2500658913065,90.18043787234498
291.0131248491017,710.8407591694601,4.927009502558565,223.6880105413361,91.40592062884798
274.3054663120637,716.8284885122785,1.227691832863329,215.6094704434536,88.24259848524811
369.603550462009,396.6341671146842,4.856628222324733,221.35208906125047,89.42645492060105
351.9301769279333,580.8092274368144,14.948746875748327,241.9767062383572,99.01455440314224
324.49466427518877,456.6228463379013,14.786787019611403,224.0087264415435,95.72269276568419
493.62171391556683,344.24085359239086,5.439093211489978,227.23454110513555,90.42058026401494
496.2652698768334,386.1725132875933,14.05272793827084,242.85408619770317,97.57376739577566
479.9259205081988,547.2069502707079,15.060110465462826,266.0296345284603,101.58119727651976
307.6340906370111,316.91258046147067,0.6730531941008189,193.16620599992333,82.21281937227842
313.0869335399108,797.6994556778442,4.718997238411367,235.0351154430376,93.04595476470853
447.2371863551764,783.5965995366155,6.61455903107967,273.70319126958555,98.6048075569695
213.53232042323958,549.363638240897,14.655270058152482,185.3240851607431,90.46178665110668
235.65792753724213,356.84994072921,10.74768462231283,183.7297874393915,86.26286838876142
453.08551369443376,776.4457411697338,14.20551879189867,278.69633589461694,103.75639959654107
201.19426251557627,747.6578988597589,11.364015378491741,181.00931967799718,89.08552571525476
442.12695237921434,695.3363166106002,18.555446191425315,273.78222661750016,105.5786154060553
349.9819125381632,546.5601453113061,15.602572669309978,239.24392555379077,98.85691872902403
452.39702259958426,466.6062128003109,17.483966151530343,253.0990573668369,101.46468992228495
471.5583125324535,655.4051735458472,8.419422085551545,271.0155884142803,98.50360043341476
240.69280913771257,309.36829680013057,0.300395534668918,175.1065828239219,78.73478042579585
207.86791418511285,728.1603083037753,5.661194101732818,183.50786100915298,86.23758067613822
324.3666995072051,438.6838886789116,0.022290624129335246,214.6270185395737,85.94504710140966
469.44439875803585,469.71030691741566,19.060362836988848,257.06530473737325,102.3941085018387
411.7667580706022,713.7258036015769,2.5135108676081175,259.53628280681545,94.3386280683003
249.4697473596131,702.0374311138587,13.416961971707247,208.03814881502663,94.13451907542274
311.76906343338135,672.1503980894404,19.487457100994828,236.09760970160147,101.36089216995659
299.7043591543764,553.8925640008536,0.17108457155605716,217.37371667962967,87.07289994546026
302.0020845876296,788.8086026895147,16.48750653596697,235.19246541270118,99.97791739774833
278.48199609301724,704.1454136852519,2.580075933298971,217.4584999380168,89.2088380478071
395.05736804910583,694.0453750633462,4.978641765528797,255.6220823736468,95.29193663165591
215.98972126605514,346.5383852736266,17.99651855635551,177.62049437916056,88.95355887613813
312.1679183818767,655.8777587198008,12.357403505044681,232.48015877206663,96.6278342259231
470.05503019520125,322.41878557608175,7.694276928700674,220.88853243752402,90.43655741942007
286.0587475124912,543.699476387759,12.61527318186009,217.36290802284233,94.10615899623808
405.3546529825392,561.8596849233035,17.033672558853233,254.77154385936052,101.81236826927281
426.2642651998737,562.5940865776855,13.239121980157938,257.0866223124278,99.87703470629852
259.33298661171585,779.241568508674,5.582941313215883,212.1248303991612,90.54346145987444
285.5472270136911,509.10335525759547,10.790356212516004,214.26482791972447,92.3989558927811
357.70773756926263,753.9863015646858,4.018650532156862,248.03769339313806,94.03740706031348
301.9359509592381,395.6963123941327,13.33019231617323,210.5199193175093,92.43011431120037
269.5284748881314,300.82586663320484,2.280047071276101,182.5951823361555,81.05091378884525
419.273977052294,403.42286461544586,5.1868665150132465,230.87862906287745,91.08008769876602
244.44750216612618,355.95646619928505,15.011503740712339,188.71848974776742,89.40327435896214
263.3745952475232,669.8349199369441,18.760067170302776,215.6415236293495,98.12795850393987
439.4848835070422,690.8934941786222,14.842780220246272,270.8927713628044,102.98375724560111
435.97030463123406,553.9863442246153,8.6512796713384,255.51360036498772,96.9470556219475
395.210222765784,557.2931075471204,17.349830462062737,252.2841469752529,101.65536481659841
279.75074306222814,721.8284786397699,10.000683269425268,221.37745487610218,94.09594324228875
368.5496750198979,364.1878994399066,15.842428127359302,222.13875335723407,95.48380527600574
477.1105319200508,378.0174115865416,11.112769065224583,237.15767347606675,94.90270523406613
250.9190325499301,327.6699161275111,13.461165255212151,187.00735369405615,87.96234806815995
483.49457944047776,478.4614538541887,11.89608394491912,255.92918025439334,98.26063756776622
329.3942963167274,355.75986098190685,6.8569244448329165,208.04237801564742,88.22564370306571
246.68163554735455,760.8739099768802,5.612554224062933,205.51722296854288,89.58236213695612
479.513796406693,600.8027998962818,14.355163017028275,271.06822295912195,101.95074738069204
476.6663950630785,433.5170152228677,8.151443467694682,245.7087698028168,94.55908563450431
234.75531763503835,615.3707546439897,9.94390825168631,197.12788610651842,90.10593456614305
304.50320402024613,656.2467463390594,6.955600737182614,227.44190393574118,92.82599695482905
325.5262885120926,627.71722195446,0.3063535388048577,230.14879130645136,89.18181712877733
396.32207035255533,421.8353763224838,7.285296752466779,231.39084853948668,92.38298670964016
353.2207462585115,653.2013400029281,2.150881579610393,240.71998672919597,91.68083579525596
228.30372556742165,475.585703061024,11.194999202984764,189.00997784361908,88.55426906985514
288.38546550889475,571.3180632325559,7.558830376255996,217.6369306030837,91.42183535574478
347.61937634561804,520.5698716985187,9.529274492570059,233.44893412830027,94.42172799512005
283.0805981856827,394.54319395852593,12.906116776132336,204.71729989168907,91.26817983048943
469.5670865953207,723.2287634933689,11.314660688552447,277.2453017020615,101.12437964241583
326.0902803284929,315.71378915421315,5.933260757500793,199.47798210249232,86.09474141896146
313.0116115068013,425.0977103754361,2.1789480028156727,211.29557185106952,86.57344588147754
351.69485019229194,359.14572168779034,9.10761974611008,214.26974523024268,90.48824462186442
220.42784486691187,693.0226255217933,13.633934498652827,192.36889431489635,91.88554986000189
361.87979851348496,644.9856396994537,15.330391800401069,249.08801066984327,100.45305051007901
477.25911467755736,558.2532363917775,10.387339330059735,264.049799427834,98.59870876580129
416.6704154903804,339.4102249214345,5.031904896925128,217.70681634160863,88.83648706191994
211.13155122943513,370.1671372148638,4.904124537181975,172.4883905912159,81.36796403624122
420.5718913455799,538.4082001806046,13.730138352286493,253.8774194295302,99.65671905095402
416.07553142582367,475.94737900180064,4.982241239489347,240.9865514124481,92.62988017105883
350.04525204508707,346.4351122594969,17.567098511284605,216.58862279242038,95.42796629514115
226.64896189226155,458.93418407799993,17.146114665912528,189.43246800874397,91.75607360456142
254.4108468900955,465.1619185844665,12.477565957198113,200.32373054937614,90.94524940598453
258.2807833875776,785.574893674146,17.328704869517015,215.65912494551912,97.8404078909375
320.38253994280524,608.8743292368065,8.731665214820888,231.2815375039554,94.1294769316397
215.10873795110984,363.5516379044897,10.753132979480998,175.89413317669474,84.98947362276556
323.2135374364334,383.28811010273205,2.9690072004947465,208.84149815072823,86.38504827709853
433.2390135407019,520.6229313508805,11.446779125015269,253.07754189889332,98.14824126115525
372.3485163702165,557.3251156863246,0.14468419727074355,237.91705713503583,89.76170862573062
346.09425414368906,664.7031227023011,19.42031402653839,247.41276750208237,102.75240869239369
481.75631340878186,567.4575865290899,12.493380593090585,267.0002663519114,100.27099374963365
465.27489354321074,580.6584422071167,17.894540355303093,268.74240014031534,103.56608609653031
340.58259000501255,730.9314774584286,18.8902185078762,248.45149320976302,102.85331201381888
337.0196219767406,685.6446851037363,0.7539396837335954,236.991930272193,90.53529535100034
498.90537172740665,702.1796829234429,7.386681778570015,278.8608014099245,99.15515078786296
340.4942669948681,545.1330650774474,12.070562365185488,234.7656762189593,96.19781923013788
307.09881448814076,506.32687261616195,1.757070937756593,217.08743468933642,87.66352417651969
274.5672583113394,672.9372573551127,2.753376451619418,214.80539388347074,88.81669754658766
233.12228917021693,659.0428113282887,9.694525506943794,197.42269787264988,90.25550943362957
420.08402158850765,577.4583789657964,5.796086370822751,253.0929217573218,95.05021945830377
246.86185681266463,654.9024290451318,3.4392867867753996,202.12978471273834,87.3832020893139
287.826109849675,520.3909371628229,16.416153191954123,218.22335971218888,96.24675902069093
468.4083208723293,328.10380964848594,15.407459992443599,227.41694268339185,95.64036492254498
478.9163872757784,777.8776058207969,19.597074941243594,287.1504881290956,107.48842395517646
499.1957772293633,453.87131969965185,7.625575003523693,251.54899203837704,95.30313221562594
232.56113133620156,323.8280830184081,3.9378931215780577,176.068872450857,80.95001704085706
472.02008332326085,644.6352726379885,19.688714529165715,276.67917162728645,105.87356515510201
216.74572310236005,422.3418157311934,12.383624018660475,181.1074128319139,87.41387172676585
354.8205418664209,722.7280975860315,11.590535172011986,249.2981386197261,98.57873344857236
262.2335668811598,722.6865836250267,15.374219254274449,215.4366371679477,96.40316679297209
482.121457054478,539.6617254268095,8.128185019058789,261.3676743287024,96.93137758766056
463.4350368212678,642.9881349613687,7.447514941075333,267.97414396679835,97.45858601905292
485.3563667729464,316.37450244579367,17.288242348328204,227.1096723547811,96.78119164876345
466.7319343370502,528.3660588039352,2.0141739871949094,254.04447392177616,92.28156549152781
448.49128664199566,616.6456504320312,5.8766797940454225,262.1022183185052,96.33109299771996
319.2994659921466,388.44296141015116,11.453548661265671,213.13664239866836,91.75315799347236
211.57461329741682,664.6057590705616,15.76225225674265,187.20271093424154,92.11297331064783
354.5485565191052,323.1516906367455,16.09461020650467,212.02732758454857,93.75211986767783
392.1932882352887,422.486636510243,3.7948806242107325,228.74567516739825,90.03770326940842
317.0853054952047,794.0398735557293,3.9134224850133315,236.05842740494683,92.68292186134059
341.8935508132986,312.37657644004696,8.788893397061042,203.2327320419136,88.26737367265875
311.25227985301365,790.3674986693143,16.551621398138433,238.95720809780843,100.50255392829983
252.47964843018846,604.1114009258395,12.941250260763454,206.34646178436788,93.09003552302241
243.85057180944528,767.9953956975532,1.0540493495659797,202.795472057663,86.63902766253744
457.2426962570727,794.1265587652409,12.230879958531474,279.48827740677143,102.68990364475768
429.9521661488269,720.3923121155283,13.791818722623606,270.0938894397641,102.35464407765339
400.9359448265408,373.31823857623976,18.34345597768211,230.70087772786948,98.28748879204439
218.904039613026,685.2033322633217,15.967356174682765,191.9702378574226,93.09371511002108
314.0100039848127,742.6410778884447,9.970179325054094,235.6836277113888,96.01497277268314
437.5372027424415,353.4935300822443,7.614146035997553,225.0596739881826,91.45598668347398
450.4483389109304,524.8935049244969,12.483440585724324,257.166726651037,99.30415754410724
484.5968049769672,674.5619188971335,12.510178730697923,277.2188934918176,101.84223199615602
454.3696305315718,330.27553770188695,7.445681838400315,221.27725667404343,90.77773209123693
490.19010745056744,565.2195322019516,5.057411538697602,263.642174170283,95.55524988669187
204.6666070663057,649.8104837924631,2.56825888755958,179.40954633999266,83.50187792450257
374.98647529044143,531.0296527089411,11.055071115636979,241.934606042401,96.49439001868738
406.8676843596048,609.9295335923224,12.67007801090993,256.7355579558764,99.68392307935855
357.4347682646753,613.6753458175158,4.818458551090375,240.7409129724367,93.08172516509845
211.10079380528677,598.0422188014854,8.252775842085793,183.48052184007858,86.96320871559934
368.4753408344603,774.7092705238795,14.113981741672033,256.948784093735,101.1949443307618
442.81619969517084,668.8681279834225,4.726064611597094,264.4926284618307,96.09167293485757
460.8279612369119,690.3696107171526,2.2280210519076693,268.1850958481335,94.48289243276791
366.99150138698155,468.33997409493804,12.228837150153154,234.40393804678553,95.82813008712063
446.5912852201159,437.75607050624507,18.890998982664144,248.84264871608258,101.57377131520805
439.6367238379943,566.0249916293483,2.1337678409584915,253.68213018918942,92.93294417375505
303.8399157391126,713.3398720690252,5.80423849482526,229.07646047995354,92.6176924394662
410.2281542787546,687.6387230428804,8.91942817537891,260.9385831749625,98.24737373780786
366.83085320654357,452.08354073210637,0.08891624559226763,225.86707400551177,87.65763123169387
307.51611266052385,746.5485032852439,0.8056587850039199,229.60073303197078,89.89524824012254
352.37516312341074,448.3666163350065,4.82687069487471,224.87151123015008,90.16806015536724
293.43924852005273,677.7005188712294,5.230410088679102,223.5091533137434,91.41261123758974
304.2896854328332,587.4754512342686,0.7423827492571822,221.18301313087952,88.08436923685649
224.46090376703748,677.6180426931157,6.076550716315952,192.16884556548473,87.54039545264082
363.7786935197089,578.3049121437454,18.191934624703435,246.65170814165043,101.5159697933871
320.8930243523492,496.1598161129147,17.765323937626384,227.987809576421,98.25466174642663
265.0568829991454,515.3247151046821,16.08856270701231,209.0341107430697,94.68060562674115
374.94213019898984,694.3486381788614,12.392124854620947,254.10586315858717,99.53008595086028
391.3669824231023,785.159999032349,17.434257442004128,265.63982985109493,104.25436080345463
397.82601779376216,718.6111133680859,9.257068838863054,259.9185817409199,98.43667177194827
326.7129929235717,716.2181595914453,19.33830429452461,243.2639924573215,102.40314040364757
418.9035149927809,495.07647056932046,15.839190180470617,250.053074286314,100.2002226714299
445.9956294766557,587.1468822635084,16.833205123843314,265.21616235353935,103.12136374526047
391.12128312302536,487.4052496591322,1.3803434871098208,235.69717173186697,89.89253542731143
477.043234233327,780.429328309374,8.035951615565036,280.45320095038244,99.72105578124626
467.22698012204705,560.2158512184795,11.395846168199613,263.2200977431081,99.00162103350854
348.94841301579766,675.4436008579664,5.7129052071492055,242.41140994252345,94.07214213150307
251.26601819637455,385.1777200529108,17.504820242118818,195.09910472384726,92.14851066742551
215.11255702783728,330.5003722859329,3.8982043139595834,170.32045778274085,79.98434935287402
442.8282906396986,769.4960078586103,3.435262086629538,270.24590079194286,96.25846265821528
378.6268037562479,534.0250269869223,18.20543772038365,246.8327743851362,101.32579888731394
231.84853196934796,382.1331325432958,14.34773286034247,185.90050351264597,88.8552775707449
383.12248616241175,323.2600188722465,13.042711979103345,214.62376707528622,92.58424831771914
207.3352079759786,727.1926193347431,4.77559837941302,182.94958392080787,85.65645607782007
305.91231621788893,752.428599234458,1.1621094472542648,229.36320821337094,90.09645247094483
322.6962365040731,468.89269289992194,10.743619330379532,222.69590855532527,93.31806865100538
307.8360637877208,795.4884514265765,15.392255256258359,237.2993848270965,99.62468303910617
286.3019632111503,436.80421933709727,14.992888180215525,210.8427139134937,93.72904678159615
428.8903862830937,725.2256945347492,5.6589067252058145,265.7971410952612,96.97524842229575
256.79306052415075,386.20969886291994,1.217376586254657,190.06687485032975,82.4801539935641
325.21240749148785,383.32634653000787,1.3857052674156223,208.44410216291863,85.45825847021307
231.93069483534615,798.4761725279204,8.089094297884378,199.21078171317936,90.25116368654207
345.7902655876727,523.9375147419174,19.354121134273736,238.1621459287154,100.76481265129765
464.9568377558247,554.1616977746804,9.689764686498952,261.2001435753335,97.70954887885517
279.05581414644337,668.1091356962659,11.578073061969521,219.873657026951,94.55747878229023
400.243792054152,412.09564185089323,16.694709577711816,236.08693271274763,98.34469436972162
331.25567924860036,323.52871977144684,8.249594346401201,203.35005534888106,88.03279221431926
309.84557895836735,759.9599491793696,15.832192275301178,237.14323698776073,99.7272269572297
268.1525151952177,764.0398363055618,16.92441554640967,219.83093836299065,98.09342741706472
293.70412348039105,397.1876998735898,16.89828035815045,210.10601608156756,94.3549360271849
410.2475459935682,535.0349597264185,11.715763134038166,250.3581288984322,98.0058227039149
371.2774403797931,435.3914403283574,5.836687807518546,227.8032196390345,91.097835284529
397.058165489099,417.3910010198882,10.737136036036546,232.85810575621716,94.5248466236344
245.67836294523516,333.50460805346415,18.532443216722513,188.26763066491904,90.96776271020947
464.23414872900304,626.5818491706655,1.7229492709238592,263.4634089713804,93.49897034264963
217.93792704499262,330.62611643472513,3.7483613967658025,171.38705599110148,80.09761138952456
211.15804879868395,330.62412481901004,0.8046900489307762,167.51512089779504,77.87529015716639
300.5391108810335,597.3907665280865,11.684308563227685,225.1785272112307,94.9686144324048
465.41807467357404,700.6852580749581,6.14161727497353,271.9944667447522,97.32382989707597
266.5757312313203,669.4114270330311,16.98300745295125,216.4701877745838,97.2167746399846
200.67340289941882,334.276164661332,2.4481602738916997,164.04318012392264,78.15245218523067
316.2058138562552,708.4204006673534,8.064541367690639,234.3480258484281,94.58754655574316
367.36758622719975,733.0624427464859,6.440547776378067,251.057533912079,95.76213418326806
344.2078566318575,420.3227569385751,9.770191765823418,222.23726883760267,92.40941945186553
247.31381449461892,503.6369376226494,17.370324396788043,201.33281080411888,94.15014859556644
275.50930420114094,798.6173450828709,2.071150237187922,218.77855397457196,89.46392208457323
393.71073553274266,780.5997543409069,17.899627168540363,266.31298748517275,104.59928996678053
250.01589636015692,721.2453510225153,14.220317935824427,209.04908731972844,94.83094114605274
481.78186477717077,311.54016487283536,11.53769642322699,221.4947700502699,92.73227052707004
351.33280986886905,654.4711598637716,8.376477039187264,243.23682493498387,95.65628735423222
210.4349433498983,303.3539396213927,1.575813408626341,164.56889755034865,77.39570837096294
297.62766838935073,471.5079082713804,18.654308522412272,219.13899396893348,97.30789994046474
392.4581191270777,635.8930932753918,15.799608710347732,256.8605676994821,101.66248324994837
466.97461269189864,780.6821100060874,8.609267986949867,278.7786925689192,99.79041964464031
290.71163310593295,690.6765586363833,10.422891936399019,225.0187824425757,94.68383473505477
408.7194878449434,779.0922921575761,19.905502446716298,271.278804462921,106.38826559666339
474.58729716608167,769.6114537873511,2.5183030529137773,276.23606691844424,95.87858154222859
447.4154535478889,450.87915475831943,0.9408463235356535,240.10299453453987,90.13114231407222
373.43591155765694,301.38663674396963,16.45304097599504,210.24663346351844,93.59085515834921
416.2849769896345,727.8779732462193,2.655151215952123,261.4970530934736,94.69089565136416
332.23205490314376,399.66494850350506,14.59576242652588,219.37748223745592,94.54548202044396
218.69349066906074,526.2244530559714,3.964824712444759,184.08335124775394,84.20894050903777
267.4179830723548,365.71010617004134,9.840736010629062,195.20246163325046,87.79592203568035
362.70166424627337,442.50253469438024,3.6309718483265407,225.74853522094438,89.5920519996284
237.10091365006053,576.1549109912188,4.615147819494146,195.22840525427847,86.59944166105456
468.6802775718191,445.5431859218661,16.417804560713027,251.7348877711968,100.06139793206944
325.89222887277674,472.77357566804267,17.56892326272846,227.3137106392395,97.89279559780051
283.14022353328437,773.0746549627424,1.484827508968174,221.1429086418463,89.33131195210579
440.1840814312741,531.2771421510034,14.278540402262987,257.1249460900963,100.37324111237419
208.1106582101296,384.7781462227706,3.4392062846883165,171.6337241013021,80.61098972831671
325.0363991326924,733.017898913773,9.76921596516325,239.18556649289118,96.29634907301171
281.22763849888554,407.79380414209663,9.049983368545,203.72173910716958,89.09414052990041
362.8702076105345,791.7343175745743,18.57354223389111,258.020069839503,104.06375512757812
416.0917693242344,402.8470940133862,13.439954217067996,235.27576417914827,96.35896203066169
486.4930655716259,428.6517188353427,16.70144267089897,251.48569518650066,100.30610373957586
475.7300854913899,366.9610875415563,6.827445396954841,231.82600576354085,91.70936725800924
379.6366063184478,605.4723634592477,0.5986617762111468,243.71338072044819,90.94746615232094
297.01841731423866,478.2494324844205,2.2158806490836414,211.94087526095748,87.02645184976625
419.4426433577996,550.511885628542,0.7333555803067826,247.59848106201147,91.30301146645927
488.28662738710585,341.5074681410324,1.668341228411101,223.52909365532136,87.750372532378
493.62800709115504,698.7164027386228,16.892530340529735,283.1912765577003,105.31507537659888
330.9878965293238,510.2001091197374,17.75913070860145,232.09022289091314,98.91836267835575
491.9902392441325,556.7058535049457,18.258915625775472,270.8822961155592,104.21243294250152
472.7355091810513,411.14320276000393,12.811084859611231,244.21976280862648,96.90138098665625
252.18440068217996,322.8274459726848,4.424609090820828,182.48184183507624,82.33072230099108
410.5359281628181,647.5853205556143,13.331875398318578,260.68836492588105,100.70808629823958
230.43767193267394,684.0993796030698,14.53082669009978,198.04010062764348,93.2103958219812
384.86658675576183,419.09816353953323,10.554185824610334,230.81912373632505,94.12482704173654
454.3115609898365,504.53507702260026,13.075342520218785,255.74431711504215,99.39360981017899
223.7089363946828,318.12350018714795,16.11353757240272,177.4010321825439,87.53137445548545
348.74774662949653,308.96009252018473,1.1586332591535542,198.95150557441553,83.4958115918004
301.0934616782937,438.0161973305801,8.187615799338644,212.33288271310636,90.15706723508325
354.9643863131675,390.134943540352,6.310580066563505,218.38186976681672,89.74458315166571
392.94999452410707,775.5451393188428,7.815593898535913,260.8466051817759,97.86593019552704
418.7023332748655,385.05334852214446,14.609262082335018,233.27556677019902,96.6550960430343
207.01176861141005,766.5420793850345,12.74092287726245,185.26139858617367,90.61726016106462
225.81383062474288,466.5579148227454,16.96189804449532,189.33610082524845,91.70882166551164
455.3020501558256,755.103508373897,2.0041066032958077,271.24781905462424,95.46314409845746
303.38307797937875,358.3085543081533,4.027112220353974,201.13979327056734,85.57452472131436
248.46444785434076,513.7413522804547,15.116433040929916,201.51718987636855,92.99029571522517
479.60532597259845,422.389999203558,2.1662977899723823,240.3748278935488,90.44313382962652
416.4438880596475,643.2821718941635,5.126743325734154,257.31932502259576,95.4040242749884
401.35489988959546,333.5618601862014,2.2488885197977604,212.67422297529828,86.49147051451337
280.92357932946413,527.8132766858403,9.839697013277043,213.3671253218852,91.85559406183677
333.3261089812842,399.48741398171603,6.831984129308049,215.458966353505,89.6282221777279
491.73299770886666,587.5422035648278,18.449167252025553,274.20296119612703,104.83124694150005
498.57895260025924,547.1474939402857,6.186106670064517,263.4953828608703,96.2263766241332
256.6249438125142,608.8600250342794,5.885102385151524,205.8816564317979,89.04762870551092
251.50929923096808,378.50622655557487,15.009440463818649,193.50828040485752,90.45044679132488
239.3842558660693,703.8095358181503,12.850889530374994,202.7578750816198,93.05671886280695
200.16215011667288,504.34089286521606,19.745517977997014,177.73290254413658,91.63372471375281
358.9717396431841,532.9330908771401,8.86851486677446,237.08348158765347,94.59153422987191
207.06998416829867,307.01336479997815,9.181350844807639,166.73806010873503,81.7717297780758
401.4982439191375,384.69638349045476,1.5788369388604995,222.73671516851917,87.79879511487073
212.50336903569462,520.3365888941269,12.1098343665447,183.10526373231002,88.4781213363148
291.1283606155899,637.6274953107488,2.717206745992282,219.91139380273307,89.30219709815819
413.5478742481039,376.10186970294166,15.936716332888762,231.6783931780475,97.11773205342612
370.9543579677117,752.176796762155,17.557811372046785,258.34261295026414,103.34960583618943
292.37739926573784,317.41874224875767,9.336966889352711,194.75461592718833,87.05327085807386
279.7473074967516,799.8710637627254,2.6853898935966547,220.88549104174027,90.09507676401009
307.5868684390526,619.4189684403823,9.79187608869804,227.99496697321737,94.36558642303054
465.35690321050413,495.841405261014,12.497246990224202,256.0383987407653,98.50696057941276
479.50450615684275,313.259141391213,9.680321655143953,220.52267084133265,91.55112295877336
370.47725735252135,699.1223070055114,16.100592982529676,254.92223358671814,101.86023674787822
476.07867775048425,727.6788767196877,10.912847462076465,278.57094907862313,101.10478061773388
365.8836639930546,729.1083836815491,9.584706229419709,251.9503696589904,97.727603933606
364.63752514991455,755.8161677738742,7.958589307027268,252.05001285928506,96.86414446556017
256.8268299658362,658.0004593276043,2.8809020508312067,206.64672250391453,87.71197662683389
230.1493524010997,545.6929053896613,0.00861234615517903,189.1933277566456,82.9495310128799
288.384111869656,493.5895709504874,1.6673953044468925,210.14327837540176,86.5612147603995
415.9506224945585,373.84700263042396,0.5510758877558808,222.13028405952716,87.1285600076054
383.24323269008914,560.9216210601501,1.976641176111924,241.7033205438369,91.32164354151074
306.62834704415764,682.9400496998353,13.991725689160885,232.32507527510478,97.69064542170459
400.2580504860132,485.47452279457684,16.191411948053343,245.54042526327288,99.7441929603507
421.4763453215353,781.1833300984064,3.115031482903472,265.87916006033913,95.61592716577695
361.1587626634288,688.4963209129662,1.956694485993542,244.84664629812548,92.202643720021
499.03396803992945,655.8186732860445,14.70302473895285,279.4657823040888,103.4940506950124
279.0933145423574,397.35814830723376,7.154161998905817,201.0845164210269,87.55407968506735
295.47163254085785,696.33123340984,12.471721413451808,227.93559141934364,96.28779035722563
394.39468387864815,440.2331540032153,1.6157681583630135,230.44495336396636,89.120559488602
483.8853411613703,542.2527593061319,11.598551905370185,264.01385276422735,99.31740001029144
255.8706475538644,584.0886466903232,4.250977823924449,203.9594379081219,87.7075876977735
377.1223316957804,429.97870492583024,15.859253765136017,233.8514922257912,97.61920857495853
355.7888985227978,421.7370893306382,17.31728163626804,229.08500238440254,97.68926195353077
232.08452740868108,560.2660929312923,11.488723442487284,194.4800482933947,90.22046973332687
381.4454384781176,378.1821583137495,8.026986312342236,222.22942663366683,91.24881978276349
245.24572729555607,430.21169017209877,2.280046411307448,190.20667959402326,83.46244090734098
393.556633808105,696.9523833615103,19.485858737258173,262.8111882425168,104.8380966920251
393.00289084226046,437.0396288499616,12.890758452630282,236.20107911883025,96.31305845263921
280.40372975010496,529.2558297810496,17.102885322522518,216.27989122030758,96.41888482993483
300.07244731618283,669.0338453377533,17.67000398407449,230.78872391429695,99.57495754542815
294.48816091506666,458.9558484962988,11.759622639873001,213.92525876713162,92.5454494691177
491.5891128069236,605.2817168433685,5.674273070349425,268.36565747588327,96.60518572969066
425.28135871587494,697.3107478993586,18.498356090949898,270.1214451999737,105.11952893283153
221.73574088153657,580.7410967765909,17.80106573181508,191.66542658289202,93.45029839190252
385.66450448129535,483.55941725752473,14.989723368218534,241.6566365059431,98.5040623908821
239.13364033438518,708.0678827945437,16.94382468197162,203.9761247971854,95.5892601931636
437.42768799903683,633.0955026624995,0.7581379128990062,258.4844021066779,92.9142401861773
239.86437420704905,593.001925824401,3.931061629534691,196.9239839015616,86.56952415685424
345.6875815573434,551.0207708047136,5.5972488569435175,233.46152395222447,92.31038993493246
254.11001620066165,432.7388797789717,14.593909937651956,198.8350669960759,91.60855963066207
337.33264965009033,405.8922068461393,16.0588135655914,222.1673424625186,95.83346967386014
237.626040530903,684.5488626520234,13.604359365667753,201.6154785467784,93.22095677767354
372.3598404329456,770.8754303252249,3.376492830066169,252.77354500128405,94.26210594898095
292.49347990086585,729.0024370367785,6.324062060848563,225.46110151600718,92.52345652901664
344.41433586622964,523.5226343760875,15.591197929157016,235.8788560565969,98.26833169232151
465.79884461750873,629.0316730725647,9.237638242720239,268.25647797137356,98.53609002736609
405.7147732269596,422.502523439523,16.338434077507756,238.4021786376834,98.53171706947053
356.028474343256,768.5634898263306,15.78395752506962,253.63044424604254,101.77784442594421
440.1554003695444,565.9041762955826,4.37353304567794,255.03791012018365,94.41577705470155
436.1036855179302,793.5508819837277,6.360598287275572,271.62240903413124,98.24923549386796
202.64686980372184,482.6169042293925,17.90684665616572,178.01417924974302,90.48474384934177
420.9414499079292,475.28723158982007,15.499617292687224,247.83321470694057,99.61794070211278
359.10654115743455,562.8491287285649,12.589925574569694,241.43898235629865,97.47670626422487
477.3730338387416,581.6612088917941,2.0733567551216847,261.63005329660365,93.48754249846395
409.63567444330107,550.5732410605508,1.0430643124160932,245.86241698593065,91.26482641241601
223.42139842679416,393.2025133773888,14.632907590454362,183.19235025730214,88.67438992556744
421.74427899000864,786.7167519696632,7.686674562872222,268.6149807951911,98.7002300483053
247.54857834400516,499.99629885066605,18.503719208359147,201.67125219125208,94.81040849603438
346.39157592246255,669.5307223671284,18.942179659848982,247.5305234821408,102.50563087202208
440.51852135732736,344.69578143889623,10.63993400430462,225.36422310991054,93.15769868854888
357.1772299864962,472.6903247906691,19.084373623515567,236.24117152634867,100.041104555616
246.09317999318097,639.2090226185428,2.645559610595558,201.00175378861937,86.6937346786597
228.41500311736115,571.0159913468237,14.77084041276437,194.02098555218245,92.05859947698053
433.04243615905864,416.95532814039564,17.775968493706642,242.83166343410878,99.98752174736659
257.21329884190703,795.8238307819355,6.515695956512593,211.79148798774966,91.10012815919657
398.2422856097298,339.96814445537433,0.08072592083898655,212.36216676648735,85.27559953698821
228.82759166953883,516.395834360013,19.219487209238125,193.72118718750033,94.0957395697877
295.5640738420986,381.64029428871623,15.275234950733353,208.03746743037215,92.99922862859754
453.8733460021941,427.5332357683769,15.898796825708123,246.46360066395502,99.49008103105767
424.3978059428689,396.6213303909638,8.418181922217125,232.4030116495192,93.09843698402506
253.14636875137012,663.6768912145955,15.938889510293365,209.6311270400901,95.61269225634503
283.77038511222486,369.0811628861943,3.8609974315370676,197.5273690613706,84.97015319397903
289.13688684242743,776.5475887104019,0.5492788937734394,223.3634852539733,89.08143341430151
265.5579739607373,546.3036710214923,7.518864916347701,207.50994073784094,89.82424111618344
283.2915499301982,797.99370435242,14.399149121740631,226.70341317964096,97.67980581449666
470.89563240864,432.4029296158129,10.202348158541948,246.05792345352188,95.71551294028554
247.06175736746772,780.315186239628,17.15991059070199,209.739580050508,96.88204737914603
450.3759372919384,550.5699314384525,18.81402128785905,263.6117166950196,103.95515979801073
394.3855270404647,581.5360643328997,7.487408502587744,248.88907088043723,95.53336102624547
338.90262655654504,591.6889417984547,15.065514442264407,238.97909166388405,98.74439120245154
301.5191332825044,334.0959285052971,0.07946142755693053,194.70456422147996,82.24719872126462
308.4083065747533,773.1606738313515,14.338664480190921,236.4069157236263,98.80292244001335
395.49167764534786,602.3382617914967,4.562843925680269,249.25767755271247,93.94390512103031
324.43950970663957,442.354521270104,10.627848753108362,220.441342648015,92.75675713936043
352.1744633997884,457.91777460194464,16.7015371240622,232.20981468959798,98.01167003621232
304.4989186520073,776.3286217622594,10.980667744156305,233.61971638917333,96.48078027176979
303.61434402976846,786.9423768679528,10.44571118265033,233.38515768743216,96.17615174880169
403.93029953587296,626.1866295555237,11.752879369631419,256.80000921732045,99.21208606396621
335.30147980542904,698.3039709372674,3.976509386520115,238.5352424003683,92.66610272171422
245.21758720182163,347.4513895998099,16.91021705019142,188.93401501713404,90.37080897494631
371.0194494264293,565.7342615111058,1.1771532985492206,238.8390961557474,90.51340396599424
232.25219240127674,708.1638205882949,7.339949341289502,197.41778321709427,89.17504501644935
410.19191186586966,597.603696006835,15.17837435832897,257.85178180978556,101.25952264932268
256.332648669381,783.7961124552619,0.7446443527525948,209.1670157708126,87.3863831815288
476.9006485907991,561.6049662604398,6.844882030365005,262.2599390299709,96.305286086947
323.98411869900656,730.6095557816828,14.332344214596036,240.6983556288787,99.17256818777082
490.3719937317495,596.5801047664002,9.987096621668769,269.86972613528565,99.30285586419743
366.7414858848987,550.1745904805674,15.337100610725777,243.80335152882293,99.32857754816379
450.28528815536265,542.1310118113373,10.968209408912163,258.1676788840632,98.60421271988984
479.59615587625416,736.3643916112028,5.180407079777664,276.56975062319356,97.48413658373975
221.51068607157768,574.5362802663766,2.5671110863468827,186.77094170722356,84.18694826447776
299.8298650282936,620.5462600034325,5.075057538477894,223.27995085700272,91.01992679707992
452.1614843786857,652.7811210210662,15.083884331662997,270.9131069168745,103.00255812219683
414.8849817544147,481.3359498105742,0.8312278888473901,239.0740694224033,90.01188968873814
206.19959785084905,736.7072166211491,10.6915883034305,183.85292801574118,89.11996329700386
408.05529889577076,629.0081439491107,5.54311626568134,254.6403895946422,95.27897678813854
368.38117441342615,772.1690509525954,9.961834681964152,254.83522601952072,98.44621715541092
429.75079029866765,380.3551797120258,8.758111703224142,230.349130074829,92.942501357067
207.6778048963182,682.6026549358626,15.163445927933449,185.00967178743315,91.52338517908129
231.38786509943307,480.41461569780563,15.480699325881854,192.18197650777532,91.46995915818191
305.55185353380216,782.5750260035347,11.664013859185385,234.50397338180474,97.01908978647195
353.6495094017068,594.6004680743952,8.766188884821656,240.36745016867522,95.25717141546211
237.56240406876952,698.3399138804441,6.908753078342434,199.8404410794763,89.23571256931751
422.48199691852085,394.83193023602155,18.929072049376025,238.2143059946488,99.8672361464668
274.8857534036701,315.7885371981381,7.5530558051797,189.27067513421895,85.12105868843429
468.2225336729109,729.2042954314219,4.137255661939488,273.35419988062256,96.3764586548036
214.1574240824688,551.1835006175683,2.9321390754538124,182.28308181813028,83.54142028955177
448.26003420883785,797.8638983838043,16.00732509372269,279.7602843110581,105.0364271063675
248.26059641419258,300.49965372344104,13.657346365185663,182.50153462638292,86.95519735876391
338.7833323196566,651.5098382106642,13.823937984109595,241.8273354658269,98.67336161170479
383.13523773399055,518.1760300622948,10.680423411189972,242.37902500802647,96.27600096925295
257.6610686353076,658.571914441852,11.266979315015968,210.0052344488785,92.9645411062817
259.08878760684684,304.83194704109707,13.465362702565539,186.25757805711376,87.59185950360735
351.0137277626702,582.2066094378247,7.2562450019281215,238.0385284522495,94.0191258726728
301.05517119764534,380.36589877134315,4.945845656701026,204.1409482878451,86.70303710724627
375.10057882150363,490.02595935795574,10.6452878337657,237.71160824583123,95.4898953196745
298.82055516270634,609.1284604820564,9.580709951036253,224.26220907144273,93.69273362879107
289.899357469456,571.9363793497737,9.78555276261546,219.1613662893191,92.91019183366943
417.84140766098005,632.2911174620103,3.8985341348980085,256.13764525212633,94.49620473173199
243.57942968226112,626.8414945030735,19.052724771864426,204.85820403954213,96.48373576436026
318.0075994273099,486.11994147628934,4.783412223573535,220.04541544428153,89.66972746488999
461.7828303268139,303.83726655785506,12.399926481372674,218.12290093439302,92.9667945350169
493.42106848871623,415.43175026086845,3.361218635885521,241.44573238769846,91.38137304684658
453.5672239052873,303.3646266048272,5.6541258703028685,212.65951043045516,88.42522298797635
354.8563824115484,656.7138515551743,7.042301102401289,243.74561626443193,94.94304948441034
435.2470431231395,458.705844101151,15.514346367244368,248.09263406145632,99.60007910277328
212.57388466779094,663.360826434422,15.772158642383921,187.7780890727067,92.20377077298944
489.5515324448281,436.6621207775705,19.88898214008622,255.23831729545074,102.70215182486665
288.94389380764835,793.9830372936788,5.297352640338797,225.61498836153586,92.19807359053975
460.2567221915974,352.62497251812295,17.18318729516764,233.6690371568078,98.11441727582854
423.55642990779734,698.5288781999616,2.025459981704083,261.00700869470694,94.16712893747098
322.09363827442166,562.7319741885046,7.661194255965569,228.5012003753613,92.90454641468585
207.36895205465945,709.8578654996328,3.8431235404319786,182.44921943007822,84.98252926314396
440.9324692844647,491.31037164391574,12.063146046465507,251.3023344657938,98.16519651449184
363.8835429855496,473.4138936030845,11.778276079424149,234.02142135708277,95.5429396948517
406.48850169621414,633.3247907417986,10.554856994673376,257.27165037436043,98.58602132472012
485.37522230079475,559.3939522516282,16.150477813873078,268.88302582689096,102.6680041979391
299.4880954612745,738.1526549018308,7.106593927655156,228.8435044379034,93.45083139155422
353.24175282258955,788.5897155597494,1.6409729150871866,247.02871901428202,92.62003093408445
497.4011553636748,451.0360966063082,0.7935807863162858,246.57127780864693,90.71603658340076
249.65440270748599,450.5583305644361,8.573228334771791,195.9056516098572,87.97520739164293
215.52440984821234,434.3121585454261,15.73841731688287,182.26417890871937,89.5565843175703
278.4218601220539,539.5978236525971,17.77908600918702,216.36806735420922,96.88853196930513
466.922147857358,757.2523457641242,13.251175797006038,279.9592947513458,102.66625122997745
241.72706645409272,634.1798700039657,10.443802577840993,201.34445097265285,91.11933257786707
453.52985770311466,788.4396861039323,19.18029750703805,282.1530624987688,107.21586941033888
474.1692507578152,735.6416010797611,4.288112127500703,274.99855107749573,96.72144161096652
262.1634026850987,690.961595714489,5.064456071591595,210.8853565564849,89.69800878192535
205.75761895670198,671.7330281766351,11.17184994731614,182.6603476429215,88.8731538711145
292.5694072939782,684.7724165753536,11.118300515486046,225.81485409280947,95.16624061394369
419.66766198937336,473.4103665952583,14.063286969197302,246.53806723021242,98.6024774225117
233.18710647258177,532.5918399258989,4.8224419946120705,191.72600580476842,85.90014975823966
220.47844556275328,621.9873514108208,13.81541714309643,190.89906617578393,91.36505875698079
292.5364956417115,338.1451093792068,15.69780896847889,201.5429161120554,91.79561123276842
260.4874958633945,592.2838420361495,2.79726526276302,205.74505918852202,87.18651301779688
261.9345945955583,796.0440188705834,7.772038558612784,214.49434934904252,92.19029932676789
476.8650099615082,426.01438469890934,17.650141900486837,250.4082925358308,100.59996077798968
